kickoff_utc,competition_id,home_team_id,home_team_name,away_team_id,away_team_name
2026-10-10T11:30:00Z,PREMIER,arsenal_fc,Arsenal FC,leeds_united_fc,Leeds United FC
2026-10-10T14:00:00Z,PREMIER,sunderland_afc,Sunderland AFC,brighton_hove_albion_fc,Brighton & Hove Albion FC
2026-10-10T14:00:00Z,PREMIER,chelsea_fc,Chelsea FC,afc_bournemouth,AFC Bournemouth
2026-10-10T14:00:00Z,PREMIER,ipswich_town_fc,Ipswich Town FC,fulham_fc,Fulham FC
2026-10-10T14:00:00Z,PREMIER,aston_villa_fc,Aston Villa FC,brentford_fc,Brentford FC
2026-10-10T16:30:00Z,PREMIER,manchester_united_fc,Manchester United FC,tottenham_hotspur_fc,Tottenham Hotspur FC
2026-10-11T13:00:00Z,PREMIER,hull_city_afc,Hull City AFC,everton_fc,Everton FC
2026-10-11T13:00:00Z,PREMIER,crystal_palace_fc,Crystal Palace FC,nottingham_forest_fc,Nottingham Forest FC
2026-10-11T15:30:00Z,PREMIER,liverpool_fc,Liverpool FC,manchester_city_fc,Manchester City FC
2026-10-12T19:00:00Z,PREMIER,coventry_city_fc,Coventry City FC,newcastle_united_fc,Newcastle United FC
2026-10-13T16:45:00Z,CHAMPIONS,racing_club_de_lens,Racing Club de Lens,sporting_clube_de_portugal,Sporting Clube de Portugal
2026-10-13T16:45:00Z,CHAMPIONS,sabah_fk,Sabah FK,sk_slavia_praha,SK Slavia Praha
2026-10-13T19:00:00Z,CHAMPIONS,fc_internazionale_milano,FC Internazionale Milano,club_brugge_kv,Club Brugge KV
2026-10-13T19:00:00Z,CHAMPIONS,galatasaray_sk,Galatasaray SK,fc_barcelona,FC Barcelona
2026-10-13T19:00:00Z,CHAMPIONS,club_atletico_de_madrid,Club Atlético de Madrid,manchester_united_fc,Manchester United FC
2026-10-13T19:00:00Z,CHAMPIONS,arsenal_fc,Arsenal FC,lille_osc,Lille OSC
2026-10-13T19:00:00Z,CHAMPIONS,viking_fk,Viking FK,fc_bayern_munchen,FC Bayern München
2026-10-13T19:00:00Z,CHAMPIONS,rb_leipzig,RB Leipzig,psv,PSV
2026-10-13T19:00:00Z,CHAMPIONS,villarreal_cf,Villarreal CF,ssc_napoli,SSC Napoli
2026-10-14T16:45:00Z,CHAMPIONS,lask_linz,LASK Linz,liverpool_fc,Liverpool FC
2026-10-14T16:45:00Z,CHAMPIONS,feyenoord_rotterdam,Feyenoord Rotterdam,como_1907,Como 1907
2026-10-14T19:00:00Z,CHAMPIONS,as_roma,AS Roma,real_madrid_cf,Real Madrid CF
2026-10-14T19:00:00Z,CHAMPIONS,manchester_city_fc,Manchester City FC,paris_saint_germain_fc,Paris Saint-Germain FC
2026-10-14T19:00:00Z,CHAMPIONS,fk_bod_glimt,FK Bodø/Glimt,borussia_dortmund,Borussia Dortmund
2026-10-14T19:00:00Z,CHAMPIONS,aston_villa_fc,Aston Villa FC,fenerbahce_sk,Fenerbahçe SK
2026-10-14T19:00:00Z,CHAMPIONS,real_betis_balompie,Real Betis Balompié,fc_porto,FC Porto
2026-10-14T19:00:00Z,CHAMPIONS,fk_shakhtar_donetsk,FK Shakhtar Donetsk,pae_aek,PAE AEK
2026-10-14T19:00:00Z,CHAMPIONS,sk_slovan_bratislava,ŠK Slovan Bratislava,vfb_stuttgart,VfB Stuttgart
2026-10-17T11:30:00Z,PREMIER,everton_fc,Everton FC,chelsea_fc,Chelsea FC
2026-10-17T14:00:00Z,PREMIER,fulham_fc,Fulham FC,hull_city_afc,Hull City AFC
2026-10-17T14:00:00Z,PREMIER,manchester_city_fc,Manchester City FC,ipswich_town_fc,Ipswich Town FC
2026-10-17T14:00:00Z,PREMIER,brentford_fc,Brentford FC,liverpool_fc,Liverpool FC
2026-10-17T16:30:00Z,PREMIER,newcastle_united_fc,Newcastle United FC,aston_villa_fc,Aston Villa FC
2026-10-18T13:00:00Z,PREMIER,afc_bournemouth,AFC Bournemouth,sunderland_afc,Sunderland AFC
2026-10-18T13:00:00Z,PREMIER,leeds_united_fc,Leeds United FC,manchester_united_fc,Manchester United FC
2026-10-18T13:00:00Z,PREMIER,brighton_hove_albion_fc,Brighton & Hove Albion FC,crystal_palace_fc,Crystal Palace FC
2026-10-18T15:30:00Z,PREMIER,nottingham_forest_fc,Nottingham Forest FC,arsenal_fc,Arsenal FC
2026-10-19T19:00:00Z,PREMIER,tottenham_hotspur_fc,Tottenham Hotspur FC,coventry_city_fc,Coventry City FC
2026-10-20T16:45:00Z,CHAMPIONS,sabah_fk,Sabah FK,borussia_dortmund,Borussia Dortmund
2026-10-20T16:45:00Z,CHAMPIONS,fenerbahce_sk,Fenerbahçe SK,sk_slavia_praha,SK Slavia Praha
2026-10-20T19:00:00Z,CHAMPIONS,manchester_city_fc,Manchester City FC,pae_aek,PAE AEK
2026-10-20T19:00:00Z,CHAMPIONS,vfb_stuttgart,VfB Stuttgart,club_atletico_de_madrid,Club Atlético de Madrid
2026-10-20T19:00:00Z,CHAMPIONS,liverpool_fc,Liverpool FC,villarreal_cf,Villarreal CF
2026-10-20T19:00:00Z,CHAMPIONS,as_roma,AS Roma,sk_slovan_bratislava,ŠK Slovan Bratislava
2026-10-20T19:00:00Z,CHAMPIONS,fc_porto,FC Porto,psv,PSV
2026-10-20T19:00:00Z,CHAMPIONS,ssc_napoli,SSC Napoli,fk_bod_glimt,FK Bodø/Glimt
2026-10-20T19:00:00Z,CHAMPIONS,paris_saint_germain_fc,Paris Saint-Germain FC,fc_barcelona,FC Barcelona
2026-10-21T16:45:00Z,CHAMPIONS,como_1907,Como 1907,manchester_united_fc,Manchester United FC
2026-10-21T16:45:00Z,CHAMPIONS,lille_osc,Lille OSC,galatasaray_sk,Galatasaray SK
2026-10-21T19:00:00Z,CHAMPIONS,real_madrid_cf,Real Madrid CF,rb_leipzig,RB Leipzig
2026-10-21T19:00:00Z,CHAMPIONS,fc_internazionale_milano,FC Internazionale Milano,fk_shakhtar_donetsk,FK Shakhtar Donetsk
2026-10-21T19:00:00Z,CHAMPIONS,fc_bayern_munchen,FC Bayern München,arsenal_fc,Arsenal FC
2026-10-21T19:00:00Z,CHAMPIONS,club_brugge_kv,Club Brugge KV,racing_club_de_lens,Racing Club de Lens
2026-10-21T19:00:00Z,CHAMPIONS,aston_villa_fc,Aston Villa FC,viking_fk,Viking FK
2026-10-21T19:00:00Z,CHAMPIONS,sporting_clube_de_portugal,Sporting Clube de Portugal,lask_linz,LASK Linz
2026-10-21T19:00:00Z,CHAMPIONS,real_betis_balompie,Real Betis Balompié,feyenoord_rotterdam,Feyenoord Rotterdam
2026-10-23T19:00:00Z,PREMIER,ipswich_town_fc,Ipswich Town FC,nottingham_forest_fc,Nottingham Forest FC
2026-10-24T11:30:00Z,PREMIER,aston_villa_fc,Aston Villa FC,manchester_city_fc,Manchester City FC
2026-10-24T14:00:00Z,PREMIER,arsenal_fc,Arsenal FC,everton_fc,Everton FC
2026-10-24T14:00:00Z,PREMIER,coventry_city_fc,Coventry City FC,fulham_fc,Fulham FC
2026-10-24T16:30:00Z,PREMIER,chelsea_fc,Chelsea FC,tottenham_hotspur_fc,Tottenham Hotspur FC
2026-10-25T14:00:00Z,PREMIER,liverpool_fc,Liverpool FC,brighton_hove_albion_fc,Brighton & Hove Albion FC
2026-10-25T14:00:00Z,PREMIER,crystal_palace_fc,Crystal Palace FC,newcastle_united_fc,Newcastle United FC
2026-10-25T14:00:00Z,PREMIER,manchester_united_fc,Manchester United FC,afc_bournemouth,AFC Bournemouth
2026-10-25T14:00:00Z,PREMIER,hull_city_afc,Hull City AFC,brentford_fc,Brentford FC
2026-10-25T16:30:00Z,PREMIER,sunderland_afc,Sunderland AFC,leeds_united_fc,Leeds United FC
2026-10-31T12:30:00Z,PREMIER,chelsea_fc,Chelsea FC,manchester_united_fc,Manchester United FC
2026-10-31T15:00:00Z,PREMIER,manchester_city_fc,Manchester City FC,brighton_hove_albion_fc,Brighton & Hove Albion FC
2026-10-31T15:00:00Z,PREMIER,afc_bournemouth,AFC Bournemouth,leeds_united_fc,Leeds United FC
2026-10-31T15:00:00Z,PREMIER,coventry_city_fc,Coventry City FC,sunderland_afc,Sunderland AFC
2026-10-31T15:00:00Z,PREMIER,hull_city_afc,Hull City AFC,ipswich_town_fc,Ipswich Town FC
2026-10-31T15:00:00Z,PREMIER,brentford_fc,Brentford FC,nottingham_forest_fc,Nottingham Forest FC
2026-10-31T17:30:00Z,PREMIER,tottenham_hotspur_fc,Tottenham Hotspur FC,crystal_palace_fc,Crystal Palace FC
2026-10-31T20:00:00Z,PREMIER,aston_villa_fc,Aston Villa FC,fulham_fc,Fulham FC
2026-11-01T16:30:00Z,PREMIER,liverpool_fc,Liverpool FC,arsenal_fc,Arsenal FC
2026-11-02T20:00:00Z,PREMIER,newcastle_united_fc,Newcastle United FC,everton_fc,Everton FC
2026-11-03T17:45:00Z,CHAMPIONS,fk_shakhtar_donetsk,FK Shakhtar Donetsk,sporting_clube_de_portugal,Sporting Clube de Portugal
2026-11-03T17:45:00Z,CHAMPIONS,galatasaray_sk,Galatasaray SK,vfb_stuttgart,VfB Stuttgart
2026-11-03T20:00:00Z,CHAMPIONS,feyenoord_rotterdam,Feyenoord Rotterdam,fc_internazionale_milano,FC Internazionale Milano
2026-11-03T20:00:00Z,CHAMPIONS,fc_barcelona,FC Barcelona,aston_villa_fc,Aston Villa FC
2026-11-03T20:00:00Z,CHAMPIONS,club_atletico_de_madrid,Club Atlético de Madrid,fc_bayern_munchen,FC Bayern München
2026-11-03T20:00:00Z,CHAMPIONS,villarreal_cf,Villarreal CF,paris_saint_germain_fc,Paris Saint-Germain FC
2026-11-03T20:00:00Z,CHAMPIONS,manchester_united_fc,Manchester United FC,as_roma,AS Roma
2026-11-03T20:00:00Z,CHAMPIONS,fk_bod_glimt,FK Bodø/Glimt,lille_osc,Lille OSC
2026-11-03T20:00:00Z,CHAMPIONS,lask_linz,LASK Linz,sk_slovan_bratislava,ŠK Slovan Bratislava
2026-11-04T17:45:00Z,CHAMPIONS,pae_aek,PAE AEK,real_madrid_cf,Real Madrid CF
2026-11-04T17:45:00Z,CHAMPIONS,fenerbahce_sk,Fenerbahçe SK,liverpool_fc,Liverpool FC
2026-11-04T20:00:00Z,CHAMPIONS,rb_leipzig,RB Leipzig,manchester_city_fc,Manchester City FC
2026-11-04T20:00:00Z,CHAMPIONS,sk_slavia_praha,SK Slavia Praha,arsenal_fc,Arsenal FC
2026-11-04T20:00:00Z,CHAMPIONS,psv,PSV,club_brugge_kv,Club Brugge KV
2026-11-04T20:00:00Z,CHAMPIONS,borussia_dortmund,Borussia Dortmund,real_betis_balompie,Real Betis Balompié
2026-11-04T20:00:00Z,CHAMPIONS,fc_porto,FC Porto,ssc_napoli,SSC Napoli
2026-11-04T20:00:00Z,CHAMPIONS,racing_club_de_lens,Racing Club de Lens,como_1907,Como 1907
2026-11-04T20:00:00Z,CHAMPIONS,viking_fk,Viking FK,sabah_fk,Sabah FK
